<Analyse von="2018-01-08" bis="2018-01-14" gruppe="cz17a" createdBy="CS" createdAt="2018-01-22">
		<done who="LV, CS" A="4" S="5" Zeit="3.75">Server-Projekt lokal lauff�hig bekommen</done>
		<done who="LV" A="3" S="3" Zeit="1.5">Modellierung CLient-Server-Austausch</done>
		<done who="LV" A="3" S="5" Zeit="2.5">Hibernate integrieren</done>
		<done who="CS" A="4" S="5" Zeit="5">Server</done>
		<done who="MF" A="4" S="5" Zeit="10">Server</done>
		<done who="WS" A="3" S="3" Zeit="8">Client</done>
		<done who="TG" A="3" s="3" Zeit="6">Client</done>
</Analyse>
