<Analyse von="2018-01-15" bis="2018-01-21" gruppe="cz17a" createdBy="CS" createdAt="2018-01-22">
		<done who="LV" A="3" S="3" Zeit="4">Hibernate Mapping</done>
		<done who="LV" A="3" S="3" Zeit="1.5">Data Access</done>
		<done who="LV" A="3" S="4" Zeit="3.5">REST</done>
		<done who="SL" A="3" S="4" Zeit="1.5">Server</done>
		<done who="SL" A="3" S="3" Zeit="5">Einlesen in Android Studio, PostgreSQL, Tomcat</done>
		<done who="FZ" A="4" S="4" Zeit="3">Projekt in Eclipse zum Laufen bringen</done>
		<done who="FZ" A="3" S="4" Zeit="4">Server</done>
		<done who="CS" A="4" S="5" Zeit="9.5">Server</done>
		<done who="CS" A="2" S="3" Zeit="3">Management und Koordination</done>
		<done who="CS" A="3" S="3" Zeit="4.5">Entwurfsbeschreibung</done>
		<done who="MF" A="4" S="5" Zeit="10">Server</done>
		<done who="WS" A="3" S="3" Zeit="8">Client</done>
		<done who="TG" A="3" s="3" Zeit="6">Client</done>
</Analyse>
