<?xml version='1.0' encoding='UTF-8'?>
<!DOCTYPE hibernate-configuration PUBLIC
        "-//Hibernate/Hibernate Configuration DTD 3.0//EN"
        "http://www.hibernate.org/dtd/hibernate-configuration-3.0.dtd">

<hibernate-configuration>
    <session-factory>

        <!-- Connection settings -->
        <property name="hibernate.dialect">org.hibernate.dialect.PostgreSQLDialect</property>
        <property name="hibernate.connection.driver_class">org.postgresql.Driver</property>
        <property name="hibernate.connection.url">jdbc:postgresql://localhost:5432/cz17a</property>
        <property name="hibernate.connection.username">cz17a</property>
        <property name="hibernate.connection.password">roletran</property>
		
		<property name="hibernate.hbm2ddl.auto">create</property>  
        <!-- Print executed SQL to stdout -->
        <property name="show_sql">true</property>  
        <property name="format_sql">true</property>  
        
        <property name="connection_pool_size">1</property>

        <!-- Annotated entity classes -->
        <mapping class="data.model.User"/>
        <mapping class="data.model.Admin"/>
        <mapping class="data.model.Player"/>
        <mapping class="data.model.Quiz"/>
        <mapping class="data.model.Question"/>
        <mapping class="data.model.Answer"/>
        <mapping class="data.model.Round"/>
        <mapping class="data.model.Participation"/>
        <mapping class="data.model.PlayedQuestion"/>
    </session-factory>
</hibernate-configuration>